{"cameraMode":{"drawMode":0,"name":"Shaded","section":"Shading Mode"},"sceneLighting":true,"audioPlay":false,"sceneViewState":{"showFog":true,"showMaterialUpdate":false,"showSkybox":true,"showFlares":true,"showImageEffects":true,"showParticleSystems":true},"in2DMode":false,"pivot":{"x":-6.981786727905273,"y":0.8694030046463013,"z":-6.86138391494751},"rotation":{"x":-0.004452537279576063,"y":0.9641162753105164,"z":-0.016208481043577195,"w":-0.2649577856063843},"size":9.494597434997559,"orthographic":false}